{
  "version": 1,
  "author": "Devita Nela Aprilia 21.83.0746",
  "editor": "wokwi",
  "parts": [
    { "type": "wokwi-esp32-devkit-v1", "id": "esp", "top": 32.67, "left": -80, "attrs": {} },
    { "type": "wokwi-hc-sr04", "id": "ultrasonic1", "top": 6.51, "left": 79.2, "attrs": {} }
  ],
  "connections": [
    [ "esp:TX0", "$serialMonitor:RX", "", [] ],
    [ "esp:RX0", "$serialMonitor:TX", "", [] ],
    [ "ultrasonic1:VCC", "esp:VIN", "red", [ "v0" ] ],
    [ "ultrasonic1:TRIG", "esp:D2", "green", [ "v0" ] ],
    [ "ultrasonic1:ECHO", "esp:D4", "green", [ "v0" ] ],
    [ "ultrasonic1:GND", "esp:GND.1", "black", [ "v0" ] ]
  ],
  "dependencies": {}
}